"","SPECIES_NAME","REL_CU_NAME","REL_CU_INDEX","STOCK_NAME","RELEASE_SITE_NAME","FACILITY_NAME","RELEASE_STAGE_NAME","RELEASE_YEAR","releases","n","site-stock","grp"
"1","Chum","SOUTHWEST VANCOUVER ISLAND","CM-10","Canton Cr","Canton Cr","Conuma River H","Fed Fry",1980,16576,1,"Canton Cr:Canton Cr",2
"2","Chum","SOUTHWEST VANCOUVER ISLAND","CM-10","Canton Cr","Canton Cr","Conuma River H","Fed Fry",1981,318509,1,"Canton Cr:Canton Cr",2
"3","Chum","SOUTHWEST VANCOUVER ISLAND","CM-10","Canton Cr","Canton Cr","Conuma River H","Fed Fry",1982,417600,1,"Canton Cr:Canton Cr",2
"4","Chum","SOUTHWEST VANCOUVER ISLAND","CM-10","Canton Cr","Canton Cr","Conuma River H","Fed Fry",1983,1334400,1,"Canton Cr:Canton Cr",2
"5","Chum","SOUTHWEST VANCOUVER ISLAND","CM-10","Canton Cr","Canton Cr","Conuma River H","Fed Fry",1984,876000,1,"Canton Cr:Canton Cr",2
"6","Chum","SOUTHWEST VANCOUVER ISLAND","CM-10","Canton Cr","Canton Cr","Conuma River H","Fed Fry",1985,1052000,1,"Canton Cr:Canton Cr",2
"7","Chum","SOUTHWEST VANCOUVER ISLAND","CM-10","Canton Cr","Canton Cr","Conuma River H","Fed Fry",1986,2787197,1,"Canton Cr:Canton Cr",2
"8","Chum","SOUTHWEST VANCOUVER ISLAND","CM-10","Canton Cr","Canton Cr","Conuma River H","Fed Fry",1987,1773264,1,"Canton Cr:Canton Cr",2
"9","Chum","SOUTHWEST VANCOUVER ISLAND","CM-10","Canton Cr","Canton Cr","Conuma River H","Fed Fry",1988,49480,1,"Canton Cr:Canton Cr",2
"10","Chum","SOUTHWEST VANCOUVER ISLAND","CM-10","Canton Cr","Canton Cr","Conuma River H","Fed Fry",1989,638619,1,"Canton Cr:Canton Cr",2
"11","Chum","SOUTHWEST VANCOUVER ISLAND","CM-10","Canton Cr","Canton Cr","Conuma River H","Fed Fry",1990,960609,1,"Canton Cr:Canton Cr",2
"12","Chum","SOUTHWEST VANCOUVER ISLAND","CM-10","Canton Cr","Canton Cr","Conuma River H","Fed Fry",1991,169014,1,"Canton Cr:Canton Cr",2
"13","Chum","SOUTHWEST VANCOUVER ISLAND","CM-10","Canton Cr","Canton Cr","Conuma River H","Fed Fry",1992,523390,1,"Canton Cr:Canton Cr",2
"14","Chum","SOUTHWEST VANCOUVER ISLAND","CM-10","Canton Cr","Canton Cr","Conuma River H","Fed Fry",1993,1302034,1,"Canton Cr:Canton Cr",2
"15","Chum","SOUTHWEST VANCOUVER ISLAND","CM-10","Canton Cr","Canton Cr","Conuma River H","Fed Fry",1994,1473443,1,"Canton Cr:Canton Cr",2
"16","Chum","SOUTHWEST VANCOUVER ISLAND","CM-10","Canton Cr","Canton Cr","Conuma River H","Fed Fry",1995,1348933,1,"Canton Cr:Canton Cr",2
"17","Chum","SOUTHWEST VANCOUVER ISLAND","CM-10","Canton Cr","Canton Cr","Conuma River H","Fed Fry",1996,692443,1,"Canton Cr:Canton Cr",2
"18","Chum","SOUTHWEST VANCOUVER ISLAND","CM-10","Canton Cr","Canton Cr","Conuma River H","Fed Fry",1997,531275,1,"Canton Cr:Canton Cr",2
"19","Chum","SOUTHWEST VANCOUVER ISLAND","CM-10","Canton Cr","Canton Cr","Conuma River H","Fed Fry",1998,1482895,1,"Canton Cr:Canton Cr",2
"20","Chum","SOUTHWEST VANCOUVER ISLAND","CM-10","Canton Cr","Canton Cr","Conuma River H","Fed Fry",1999,1340117,1,"Canton Cr:Canton Cr",2
"21","Chum","SOUTHWEST VANCOUVER ISLAND","CM-10","Canton Cr","Canton Cr","Conuma River H","Fed Fry",2000,1071147,1,"Canton Cr:Canton Cr",2
"22","Chum","SOUTHWEST VANCOUVER ISLAND","CM-10","Canton Cr","Canton Cr","Conuma River H","Fed Fry",2001,1009746,1,"Canton Cr:Canton Cr",2
"23","Chum","SOUTHWEST VANCOUVER ISLAND","CM-10","Canton Cr","Canton Cr","Conuma River H","Fed Fry",2002,1070539,1,"Canton Cr:Canton Cr",2
"24","Chum","SOUTHWEST VANCOUVER ISLAND","CM-10","Canton Cr","Canton Cr","Conuma River H","Fed Fry",2003,892140,1,"Canton Cr:Canton Cr",2
"25","Chum","SOUTHWEST VANCOUVER ISLAND","CM-10","Canton Cr","Canton Cr","Conuma River H","Fed Fry",2004,484570,1,"Canton Cr:Canton Cr",2
"26","Chum","SOUTHWEST VANCOUVER ISLAND","CM-10","Canton Cr","Canton Cr","Conuma River H","Fed Fry",2005,679554,1,"Canton Cr:Canton Cr",2
"27","Chum","SOUTHWEST VANCOUVER ISLAND","CM-10","Canton Cr","Canton Cr","Conuma River H","Fed Fry",2006,434449,1,"Canton Cr:Canton Cr",2
"28","Chum","SOUTHWEST VANCOUVER ISLAND","CM-10","Canton Cr","Canton Cr","Conuma River H","Fed Fry",2007,133731,1,"Canton Cr:Canton Cr",2
"29","Chum","SOUTHWEST VANCOUVER ISLAND","CM-10","Canton Cr","Canton Cr","Conuma River H","Fed Fry",2008,47846,1,"Canton Cr:Canton Cr",2
"30","Chum","SOUTHWEST VANCOUVER ISLAND","CM-10","Canton Cr","Canton Cr","Conuma River H","Fed Fry",2009,418655,1,"Canton Cr:Canton Cr",2
"31","Chum","SOUTHWEST VANCOUVER ISLAND","CM-10","Canton Cr","Canton Cr","Conuma River H","Fed Fry",2010,854548,1,"Canton Cr:Canton Cr",2
"32","Chum","SOUTHWEST VANCOUVER ISLAND","CM-10","Canton Cr","Canton Cr","Conuma River H","Fed Fry",2011,646203,1,"Canton Cr:Canton Cr",2
"33","Chum","SOUTHWEST VANCOUVER ISLAND","CM-10","Canton Cr","Canton Cr","Conuma River H","Fed Fry",2012,365682,1,"Canton Cr:Canton Cr",2
"34","Chum","SOUTHWEST VANCOUVER ISLAND","CM-10","Canton Cr","Canton Cr","Conuma River H","Fed Fry",2013,116757,1,"Canton Cr:Canton Cr",2
"35","Chum","SOUTHWEST VANCOUVER ISLAND","CM-10","Canton Cr","Canton Cr","Conuma River H","Fed Fry",2014,1009478,1,"Canton Cr:Canton Cr",2
"36","Chum","SOUTHWEST VANCOUVER ISLAND","CM-10","Canton Cr","Canton Cr","Conuma River H","Fed Fry",2015,200646,1,"Canton Cr:Canton Cr",2
"37","Chum","SOUTHWEST VANCOUVER ISLAND","CM-10","Canton Cr","Canton Cr","Conuma River H","Fed Fry",2016,576649,1,"Canton Cr:Canton Cr",2
"38","Chum","SOUTHWEST VANCOUVER ISLAND","CM-10","Canton Cr","Canton Cr","Conuma River H","Fed Fry",2019,511748,1,"Canton Cr:Canton Cr",3
"39","Chum","SOUTHWEST VANCOUVER ISLAND","CM-10","Conuma R","Canton Cr","Conuma River H","Fed Fry",2018,203990,1,"Canton Cr:Conuma R",4
"40","Chum","SOUTHWEST VANCOUVER ISLAND","CM-10","Conuma R","Canton Cr","Conuma River H","Fed Fry",2020,465434,1,"Canton Cr:Conuma R",5
"41","Chum","SOUTHWEST VANCOUVER ISLAND","CM-10","Canton Cr","Canton Est","Canton Estuary Seapen","Seapen",2017,835191,1,"Canton Est:Canton Cr",6
"42","Chum","SOUTHWEST VANCOUVER ISLAND","CM-10","Conuma R","Conuma Est","Conuma Estuary Seapen","Seapen",1985,198001,2,"Conuma Est:Conuma R",7
"43","Chum","SOUTHWEST VANCOUVER ISLAND","CM-10","Conuma R","Conuma Est","Conuma Estuary Seapen","Seapen",1990,300000,1,"Conuma Est:Conuma R",8
"44","Chum","SOUTHWEST VANCOUVER ISLAND","CM-10","Conuma R","Conuma Est","Conuma Estuary Seapen","Seapen",1991,992742,1,"Conuma Est:Conuma R",8
"45","Chum","SOUTHWEST VANCOUVER ISLAND","CM-10","Conuma R","Conuma Est","Conuma Estuary Seapen","Seapen",1992,1554359,1,"Conuma Est:Conuma R",8
"46","Chum","SOUTHWEST VANCOUVER ISLAND","CM-10","Conuma R","Conuma Est","Conuma Estuary Seapen","Seapen",1993,2005494,1,"Conuma Est:Conuma R",8
"47","Chum","SOUTHWEST VANCOUVER ISLAND","CM-10","Conuma R","Conuma Est","Conuma Estuary Seapen","Seapen",1994,2137724,1,"Conuma Est:Conuma R",8
"48","Chum","SOUTHWEST VANCOUVER ISLAND","CM-10","Conuma R","Conuma Est","Conuma Estuary Seapen","Seapen",1995,4255121,2,"Conuma Est:Conuma R",8
"49","Chum","SOUTHWEST VANCOUVER ISLAND","CM-10","Conuma R","Conuma Est","Conuma Estuary Seapen","Seapen",1997,2979021,1,"Conuma Est:Conuma R",9
"50","Chum","SOUTHWEST VANCOUVER ISLAND","CM-10","Conuma R","Conuma Est","Conuma Estuary Seapen","Seapen",1998,4084369,1,"Conuma Est:Conuma R",9
"51","Chum","SOUTHWEST VANCOUVER ISLAND","CM-10","Conuma R","Conuma Est","Conuma Estuary Seapen","Seapen",2003,1792758,1,"Conuma Est:Conuma R",10
"52","Chum","SOUTHWEST VANCOUVER ISLAND","CM-10","Conuma R","Conuma Est","Conuma Estuary Seapen","Seapen",2004,1585534,1,"Conuma Est:Conuma R",10
"53","Chum","SOUTHWEST VANCOUVER ISLAND","CM-10","Conuma R","Conuma Est","Conuma Estuary Seapen","Seapen",2005,1882230,1,"Conuma Est:Conuma R",10
"54","Chum","SOUTHWEST VANCOUVER ISLAND","CM-10","Conuma R","Conuma Est","Conuma Estuary Seapen","Seapen",2006,914381,1,"Conuma Est:Conuma R",10
"55","Chum","SOUTHWEST VANCOUVER ISLAND","CM-10","Conuma R","Conuma Est","Conuma Estuary Seapen","Seapen",2007,1455119,1,"Conuma Est:Conuma R",10
"56","Chum","SOUTHWEST VANCOUVER ISLAND","CM-10","Conuma R","Conuma Est","Conuma Estuary Seapen","Seapen",2008,271820,1,"Conuma Est:Conuma R",10
"57","Chum","SOUTHWEST VANCOUVER ISLAND","CM-10","Conuma R","Conuma Est","Conuma Estuary Seapen","Seapen",2009,1011562,1,"Conuma Est:Conuma R",10
"58","Chum","SOUTHWEST VANCOUVER ISLAND","CM-10","Conuma R","Conuma Est","Conuma Estuary Seapen","Seapen",2010,1814475,1,"Conuma Est:Conuma R",10
"59","Chum","SOUTHWEST VANCOUVER ISLAND","CM-10","Conuma R","Conuma Est","Conuma Estuary Seapen","Seapen",2011,1794205,1,"Conuma Est:Conuma R",10
"60","Chum","SOUTHWEST VANCOUVER ISLAND","CM-10","Conuma R","Conuma Est","Conuma Estuary Seapen","Seapen",2012,1270286,1,"Conuma Est:Conuma R",10
"61","Chum","SOUTHWEST VANCOUVER ISLAND","CM-10","Conuma R","Conuma Est","Conuma Estuary Seapen","Seapen",2013,785682,1,"Conuma Est:Conuma R",10
"62","Chum","SOUTHWEST VANCOUVER ISLAND","CM-10","Conuma R","Conuma Est","Conuma Estuary Seapen","Seapen",2014,1705633,1,"Conuma Est:Conuma R",10
"63","Chum","SOUTHWEST VANCOUVER ISLAND","CM-10","Conuma R","Conuma Est","Conuma Estuary Seapen","Seapen",2015,1465538,1,"Conuma Est:Conuma R",10
"64","Chum","SOUTHWEST VANCOUVER ISLAND","CM-10","Conuma R","Conuma Est","Conuma Estuary Seapen","Seapen",2016,723867,1,"Conuma Est:Conuma R",10
"65","Chum","SOUTHWEST VANCOUVER ISLAND","CM-10","Conuma R","Conuma Est","Conuma Estuary Seapen","Seapen",2017,1932540,1,"Conuma Est:Conuma R",10
"66","Chum","SOUTHWEST VANCOUVER ISLAND","CM-10","Conuma R","Conuma Est","Conuma Estuary Seapen","Seapen",2018,1624825,1,"Conuma Est:Conuma R",10
"67","Chum","SOUTHWEST VANCOUVER ISLAND","CM-10","Conuma R","Conuma Est","Conuma Estuary Seapen","Seapen",2019,1679255,1,"Conuma Est:Conuma R",10
"68","Chum","SOUTHWEST VANCOUVER ISLAND","CM-10","Conuma R","Conuma Est","Conuma Estuary Seapen","Seapen",2020,1477237,1,"Conuma Est:Conuma R",10
"69","Chum","SOUTHWEST VANCOUVER ISLAND","CM-10","Conuma R","Conuma R Up","Conuma River H","Fed Fry",1986,3033001,1,"Conuma R Up:Conuma R",11
"70","Chum","SOUTHWEST VANCOUVER ISLAND","CM-10","Conuma R","Conuma R","Conuma River H","Eyed Egg",2010,7762,2,"Conuma R:Conuma R",12
"71","Chum","SOUTHWEST VANCOUVER ISLAND","CM-10","Conuma R","Conuma R","Conuma River H","Fed Fry",1979,813100,1,"Conuma R:Conuma R",13
"72","Chum","SOUTHWEST VANCOUVER ISLAND","CM-10","Conuma R","Conuma R","Conuma River H","Fed Fry",1980,481599,1,"Conuma R:Conuma R",13
"73","Chum","SOUTHWEST VANCOUVER ISLAND","CM-10","Conuma R","Conuma R","Conuma River H","Fed Fry",1981,3469972,3,"Conuma R:Conuma R",13
"74","Chum","SOUTHWEST VANCOUVER ISLAND","CM-10","Conuma R","Conuma R","Conuma River H","Fed Fry",1982,4081000,2,"Conuma R:Conuma R",13
"75","Chum","SOUTHWEST VANCOUVER ISLAND","CM-10","Conuma R","Conuma R","Conuma River H","Fed Fry",1983,5214000,2,"Conuma R:Conuma R",13
"76","Chum","SOUTHWEST VANCOUVER ISLAND","CM-10","Conuma R","Conuma R","Conuma River H","Fed Fry",1984,4546000,1,"Conuma R:Conuma R",13
"77","Chum","SOUTHWEST VANCOUVER ISLAND","CM-10","Conuma R","Conuma R","Conuma River H","Fed Fry",1985,6684696,40,"Conuma R:Conuma R",13
"78","Chum","SOUTHWEST VANCOUVER ISLAND","CM-10","Conuma R","Conuma R","Conuma River H","Fed Fry",1986,4271000,1,"Conuma R:Conuma R",13
"79","Chum","SOUTHWEST VANCOUVER ISLAND","CM-10","Conuma R","Conuma R","Conuma River H","Fed Fry",1987,5418247,2,"Conuma R:Conuma R",13
"80","Chum","SOUTHWEST VANCOUVER ISLAND","CM-10","Conuma R","Conuma R","Conuma River H","Fed Fry",1988,5129063,1,"Conuma R:Conuma R",13
"81","Chum","SOUTHWEST VANCOUVER ISLAND","CM-10","Conuma R","Conuma R","Conuma River H","Fed Fry",1989,5708494,2,"Conuma R:Conuma R",13
"82","Chum","SOUTHWEST VANCOUVER ISLAND","CM-10","Conuma R","Conuma R","Conuma River H","Fed Fry",1990,6028318,3,"Conuma R:Conuma R",13
"83","Chum","SOUTHWEST VANCOUVER ISLAND","CM-10","Conuma R","Conuma R","Conuma River H","Fed Fry",1991,5907449,2,"Conuma R:Conuma R",13
"84","Chum","SOUTHWEST VANCOUVER ISLAND","CM-10","Conuma R","Conuma R","Conuma River H","Fed Fry",1992,4662499,1,"Conuma R:Conuma R",13
"85","Chum","SOUTHWEST VANCOUVER ISLAND","CM-10","Conuma R","Conuma R","Conuma River H","Fed Fry",1993,3955811,1,"Conuma R:Conuma R",13
"86","Chum","SOUTHWEST VANCOUVER ISLAND","CM-10","Conuma R","Conuma R","Conuma River H","Fed Fry",1994,3253437,1,"Conuma R:Conuma R",13
"87","Chum","SOUTHWEST VANCOUVER ISLAND","CM-10","Conuma R","Conuma R","Conuma River H","Fed Fry",1995,2355127,2,"Conuma R:Conuma R",13
"88","Chum","SOUTHWEST VANCOUVER ISLAND","CM-10","Conuma R","Conuma R","Conuma River H","Fed Fry",1996,1981768,1,"Conuma R:Conuma R",13
"89","Chum","SOUTHWEST VANCOUVER ISLAND","CM-10","Conuma R","Conuma R","Conuma River H","Fed Fry",1997,735637,1,"Conuma R:Conuma R",13
"90","Chum","SOUTHWEST VANCOUVER ISLAND","CM-10","Conuma R","Conuma R","Vanc Is West (Gold R) Sch","Fed Fry",1997,80,1,"Conuma R:Conuma R",14
"91","Chum","SOUTHWEST VANCOUVER ISLAND","CM-10","Conuma R","Conuma R","Conuma River H","Fed Fry",1998,981722,1,"Conuma R:Conuma R",14
"92","Chum","SOUTHWEST VANCOUVER ISLAND","CM-10","Conuma R","Conuma R","Conuma River H","Fed Fry",1999,1105067,1,"Conuma R:Conuma R",14
"93","Chum","SOUTHWEST VANCOUVER ISLAND","CM-10","Conuma R","Conuma R","Conuma River H","Fed Fry",2000,525964,1,"Conuma R:Conuma R",14
"94","Chum","SOUTHWEST VANCOUVER ISLAND","CM-10","Conuma R","Conuma R","Conuma River H","Fed Fry",2001,543511,2,"Conuma R:Conuma R",14
"95","Chum","SOUTHWEST VANCOUVER ISLAND","CM-10","Conuma R","Conuma R","Conuma River H","Fed Fry",2002,569118,1,"Conuma R:Conuma R",14
"96","Chum","SOUTHWEST VANCOUVER ISLAND","CM-10","Conuma R","Conuma R","Conuma River H","Fed Fry",2010,18847,1,"Conuma R:Conuma R",15
"97","Chum","SOUTHWEST VANCOUVER ISLAND","CM-10","Conuma R","Conuma R","Conuma River H","Fed Fry",2015,410214,1,"Conuma R:Conuma R",16
"98","Chum","SOUTHWEST VANCOUVER ISLAND","CM-10","Conuma R","Conuma R","Conuma River H","Fed Fry",2016,534334,1,"Conuma R:Conuma R",16
"99","Chum","SOUTHWEST VANCOUVER ISLAND","CM-10","Conuma R","Conuma R","Conuma River H","Fed Fry",2017,424032,1,"Conuma R:Conuma R",16
"100","Chum","SOUTHWEST VANCOUVER ISLAND","CM-10","Conuma R","Conuma R","Conuma River H","Fed Fry",2018,471129,1,"Conuma R:Conuma R",16
"101","Chum","SOUTHWEST VANCOUVER ISLAND","CM-10","Conuma R","Conuma R","Conuma River H","Fed Fry",2019,563431,1,"Conuma R:Conuma R",16
"102","Chum","SOUTHWEST VANCOUVER ISLAND","CM-10","Conuma R","Conuma R","Conuma River H","Fed Fry",2020,491912,1,"Conuma R:Conuma R",16
"103","Chum","SOUTHWEST VANCOUVER ISLAND","CM-10","Sucwoa R","Conuma R","Conuma River H","Unfed",1999,300000,1,"Conuma R:Sucwoa R",17
"104","Chum","SOUTHWEST VANCOUVER ISLAND","CM-10","Deserted R/NWVI","Deserted R/NWVI","Conuma River H","Fed Fry",1984,6114000,2,"Deserted R/NWVI:Deserted R/NWVI",18
"105","Chum","SOUTHWEST VANCOUVER ISLAND","CM-10","Deserted R/NWVI","Deserted R/NWVI","Conuma River H","Fed Fry",1988,3054578,1,"Deserted R/NWVI:Deserted R/NWVI",19
"106","Chum","SOUTHWEST VANCOUVER ISLAND","CM-10","Deserted R/NWVI","Deserted R/NWVI","Conuma River H","Fed Fry",1990,4018084,1,"Deserted R/NWVI:Deserted R/NWVI",20
"107","Chum","SOUTHWEST VANCOUVER ISLAND","CM-10","Deserted R/NWVI","Deserted R/NWVI","Conuma River H","Fed Fry",1991,1365048,1,"Deserted R/NWVI:Deserted R/NWVI",20
"108","Chum","SOUTHWEST VANCOUVER ISLAND","CM-10","Deserted R/NWVI","Deserted R/NWVI","Conuma River H","Fed Fry",1992,3043149,1,"Deserted R/NWVI:Deserted R/NWVI",20
"109","Chum","SOUTHWEST VANCOUVER ISLAND","CM-10","Deserted R/NWVI","Deserted R/NWVI","Conuma River H","Fed Fry",1993,3128365,1,"Deserted R/NWVI:Deserted R/NWVI",20
"110","Chum","SOUTHWEST VANCOUVER ISLAND","CM-10","Deserted R/NWVI","Deserted R/NWVI","Conuma River H","Fed Fry",1994,770056,1,"Deserted R/NWVI:Deserted R/NWVI",20
"111","Chum","SOUTHWEST VANCOUVER ISLAND","CM-10","Deserted R/NWVI","Deserted R/NWVI","Conuma River H","Fed Fry",1995,1695163,1,"Deserted R/NWVI:Deserted R/NWVI",20
"112","Chum","SOUTHWEST VANCOUVER ISLAND","CM-10","Deserted R/NWVI","Deserted R/NWVI","Conuma River H","Fed Fry",1996,322586,1,"Deserted R/NWVI:Deserted R/NWVI",20
"113","Chum","SOUTHWEST VANCOUVER ISLAND","CM-10","Deserted R/NWVI","Deserted R/NWVI","Conuma River H","Fed Fry",1997,37225,1,"Deserted R/NWVI:Deserted R/NWVI",20
"114","Chum","SOUTHWEST VANCOUVER ISLAND","CM-10","Deserted R/NWVI","Deserted R/NWVI","Conuma River H","Fed Fry",1998,94689,1,"Deserted R/NWVI:Deserted R/NWVI",20
"115","Chum","SOUTHWEST VANCOUVER ISLAND","CM-10","Deserted R/NWVI","Deserted R/NWVI","Conuma River H","Fed Fry",1999,2058209,1,"Deserted R/NWVI:Deserted R/NWVI",20
"116","Chum","SOUTHWEST VANCOUVER ISLAND","CM-10","Deserted R/NWVI","Deserted R/NWVI","Conuma River H","Fed Fry",2000,1822476,1,"Deserted R/NWVI:Deserted R/NWVI",20
"117","Chum","SOUTHWEST VANCOUVER ISLAND","CM-10","Deserted R/NWVI","Deserted R/NWVI","Conuma River H","Fed Fry",2001,269284,1,"Deserted R/NWVI:Deserted R/NWVI",20
"118","Chum","SOUTHWEST VANCOUVER ISLAND","CM-10","Deserted R/NWVI","Deserted R/NWVI","Conuma River H","Fed Fry",2002,272395,1,"Deserted R/NWVI:Deserted R/NWVI",20
"119","Chum","SOUTHWEST VANCOUVER ISLAND","CM-10","Deserted R/NWVI","Deserted R/NWVI","Conuma River H","Fed Fry",2003,341635,1,"Deserted R/NWVI:Deserted R/NWVI",20
"120","Chum","SOUTHWEST VANCOUVER ISLAND","CM-10","Deserted R/NWVI","Deserted R/NWVI","Conuma River H","Fed Fry",2004,798330,1,"Deserted R/NWVI:Deserted R/NWVI",20
"121","Chum","SOUTHWEST VANCOUVER ISLAND","CM-10","Conuma R","Moutcha Bay","Moutcha Bay Seapen","Seapen",1999,3686051,1,"Moutcha Bay:Conuma R",22
"122","Chum","SOUTHWEST VANCOUVER ISLAND","CM-10","Conuma R","Moutcha Bay","Moutcha Bay Seapen","Seapen",2000,1369785,1,"Moutcha Bay:Conuma R",22
"123","Chum","SOUTHWEST VANCOUVER ISLAND","CM-10","Conuma R","Moutcha Bay","Moutcha Bay Seapen","Seapen",2001,1296654,1,"Moutcha Bay:Conuma R",22
"124","Chum","SOUTHWEST VANCOUVER ISLAND","CM-10","Conuma R","Moutcha Bay","Moutcha Bay Seapen","Seapen",2002,1649290,1,"Moutcha Bay:Conuma R",22
"125","Chum","SOUTHWEST VANCOUVER ISLAND","CM-10","Conuma R","Sucwoa R","Conuma River H","Fed Fry",2015,436800,1,"Sucwoa R:Conuma R",23
"126","Chum","SOUTHWEST VANCOUVER ISLAND","CM-10","Conuma R","Sucwoa R","Conuma River H","Fed Fry",2018,213343,1,"Sucwoa R:Conuma R",24
"127","Chum","SOUTHWEST VANCOUVER ISLAND","CM-10","Conuma R","Sucwoa R","Conuma River H","Fed Fry",2019,610249,1,"Sucwoa R:Conuma R",24
"128","Chum","SOUTHWEST VANCOUVER ISLAND","CM-10","Conuma R","Sucwoa R","Conuma River H","Fed Fry",2020,497567,1,"Sucwoa R:Conuma R",24
"129","Chum","SOUTHWEST VANCOUVER ISLAND","CM-10","Sucwoa R","Sucwoa R","Conuma River H","Fed Fry",1979,37800,1,"Sucwoa R:Sucwoa R",25
"130","Chum","SOUTHWEST VANCOUVER ISLAND","CM-10","Sucwoa R","Sucwoa R","Conuma River H","Fed Fry",1980,648552,2,"Sucwoa R:Sucwoa R",25
"131","Chum","SOUTHWEST VANCOUVER ISLAND","CM-10","Sucwoa R","Sucwoa R","Conuma River H","Fed Fry",1981,2874241,2,"Sucwoa R:Sucwoa R",25
"132","Chum","SOUTHWEST VANCOUVER ISLAND","CM-10","Sucwoa R","Sucwoa R","Conuma River H","Fed Fry",1982,4067500,4,"Sucwoa R:Sucwoa R",25
"133","Chum","SOUTHWEST VANCOUVER ISLAND","CM-10","Sucwoa R","Sucwoa R","Conuma River H","Fed Fry",1983,4780000,3,"Sucwoa R:Sucwoa R",25
"134","Chum","SOUTHWEST VANCOUVER ISLAND","CM-10","Sucwoa R","Sucwoa R","Conuma River H","Fed Fry",1984,4481000,2,"Sucwoa R:Sucwoa R",25
"135","Chum","SOUTHWEST VANCOUVER ISLAND","CM-10","Sucwoa R","Sucwoa R","Conuma River H","Fed Fry",1985,4973000,2,"Sucwoa R:Sucwoa R",25
"136","Chum","SOUTHWEST VANCOUVER ISLAND","CM-10","Sucwoa R","Sucwoa R","Conuma River H","Fed Fry",1986,3605922,1,"Sucwoa R:Sucwoa R",25
"137","Chum","SOUTHWEST VANCOUVER ISLAND","CM-10","Sucwoa R","Sucwoa R","Conuma River H","Fed Fry",1987,3876863,1,"Sucwoa R:Sucwoa R",25
"138","Chum","SOUTHWEST VANCOUVER ISLAND","CM-10","Sucwoa R","Sucwoa R","Conuma River H","Fed Fry",1988,650013,1,"Sucwoa R:Sucwoa R",25
"139","Chum","SOUTHWEST VANCOUVER ISLAND","CM-10","Sucwoa R","Sucwoa R","Conuma River H","Fed Fry",1989,506299,1,"Sucwoa R:Sucwoa R",25
"140","Chum","SOUTHWEST VANCOUVER ISLAND","CM-10","Sucwoa R","Sucwoa R","Conuma River H","Fed Fry",1990,324420,1,"Sucwoa R:Sucwoa R",25
"141","Chum","SOUTHWEST VANCOUVER ISLAND","CM-10","Sucwoa R","Sucwoa R","Conuma River H","Fed Fry",1991,2502516,1,"Sucwoa R:Sucwoa R",25
"142","Chum","SOUTHWEST VANCOUVER ISLAND","CM-10","Sucwoa R","Sucwoa R","Conuma River H","Fed Fry",1992,2698158,1,"Sucwoa R:Sucwoa R",25
"143","Chum","SOUTHWEST VANCOUVER ISLAND","CM-10","Sucwoa R","Sucwoa R","Conuma River H","Fed Fry",1993,1685669,1,"Sucwoa R:Sucwoa R",25
"144","Chum","SOUTHWEST VANCOUVER ISLAND","CM-10","Sucwoa R","Sucwoa R","Conuma River H","Fed Fry",1994,1884011,1,"Sucwoa R:Sucwoa R",25
"145","Chum","SOUTHWEST VANCOUVER ISLAND","CM-10","Sucwoa R","Sucwoa R","Conuma River H","Fed Fry",1995,3114509,1,"Sucwoa R:Sucwoa R",25
"146","Chum","SOUTHWEST VANCOUVER ISLAND","CM-10","Sucwoa R","Sucwoa R","Conuma River H","Fed Fry",1996,914432,1,"Sucwoa R:Sucwoa R",25
"147","Chum","SOUTHWEST VANCOUVER ISLAND","CM-10","Sucwoa R","Sucwoa R","Conuma River H","Fed Fry",1997,1411184,1,"Sucwoa R:Sucwoa R",25
"148","Chum","SOUTHWEST VANCOUVER ISLAND","CM-10","Sucwoa R","Sucwoa R","Conuma River H","Fed Fry",1998,2076083,1,"Sucwoa R:Sucwoa R",25
"149","Chum","SOUTHWEST VANCOUVER ISLAND","CM-10","Sucwoa R","Sucwoa R","Conuma River H","Fed Fry",1999,1998626,1,"Sucwoa R:Sucwoa R",25
"150","Chum","SOUTHWEST VANCOUVER ISLAND","CM-10","Sucwoa R","Sucwoa R","Conuma River H","Fed Fry",2000,1883722,1,"Sucwoa R:Sucwoa R",25
"151","Chum","SOUTHWEST VANCOUVER ISLAND","CM-10","Sucwoa R","Sucwoa R","Conuma River H","Fed Fry",2001,139090,1,"Sucwoa R:Sucwoa R",25
"152","Chum","SOUTHWEST VANCOUVER ISLAND","CM-10","Sucwoa R","Sucwoa R","Conuma River H","Fed Fry",2002,200803,1,"Sucwoa R:Sucwoa R",25
"153","Chum","SOUTHWEST VANCOUVER ISLAND","CM-10","Sucwoa R","Sucwoa R","Conuma River H","Fed Fry",2003,445007,1,"Sucwoa R:Sucwoa R",25
"154","Chum","SOUTHWEST VANCOUVER ISLAND","CM-10","Sucwoa R","Sucwoa R","Conuma River H","Fed Fry",2004,410872,1,"Sucwoa R:Sucwoa R",25
"155","Chum","SOUTHWEST VANCOUVER ISLAND","CM-10","Sucwoa R","Sucwoa R","Conuma River H","Fed Fry",2005,1023658,1,"Sucwoa R:Sucwoa R",25
"156","Chum","SOUTHWEST VANCOUVER ISLAND","CM-10","Sucwoa R","Sucwoa R","Conuma River H","Fed Fry",2006,256296,1,"Sucwoa R:Sucwoa R",25
"157","Chum","SOUTHWEST VANCOUVER ISLAND","CM-10","Sucwoa R","Sucwoa R","Conuma River H","Fed Fry",2007,181333,1,"Sucwoa R:Sucwoa R",25
"158","Chum","SOUTHWEST VANCOUVER ISLAND","CM-10","Sucwoa R","Sucwoa R","Conuma River H","Fed Fry",2008,15701,1,"Sucwoa R:Sucwoa R",25
"159","Chum","SOUTHWEST VANCOUVER ISLAND","CM-10","Sucwoa R","Sucwoa R","Conuma River H","Fed Fry",2009,292430,1,"Sucwoa R:Sucwoa R",25
"160","Chum","SOUTHWEST VANCOUVER ISLAND","CM-10","Sucwoa R","Sucwoa R","Conuma River H","Fed Fry",2010,551365,1,"Sucwoa R:Sucwoa R",25
"161","Chum","SOUTHWEST VANCOUVER ISLAND","CM-10","Sucwoa R","Sucwoa R","Conuma River H","Fed Fry",2011,311828,1,"Sucwoa R:Sucwoa R",25
"162","Chum","SOUTHWEST VANCOUVER ISLAND","CM-10","Sucwoa R","Sucwoa R","Conuma River H","Fed Fry",2012,223882,1,"Sucwoa R:Sucwoa R",25
"163","Chum","SOUTHWEST VANCOUVER ISLAND","CM-10","Sucwoa R","Sucwoa R","Conuma River H","Fed Fry",2013,41196,1,"Sucwoa R:Sucwoa R",25
"164","Chum","SOUTHWEST VANCOUVER ISLAND","CM-10","Sucwoa R","Sucwoa R","Conuma River H","Fed Fry",2014,269435,1,"Sucwoa R:Sucwoa R",25
"165","Chum","SOUTHWEST VANCOUVER ISLAND","CM-10","Sucwoa R","Sucwoa R","Conuma River H","Nat Emerg",1981,109565,1,"Sucwoa R:Sucwoa R",26
"166","Chum","SOUTHWEST VANCOUVER ISLAND","CM-10","Deserted R/NWVI","Tlupana R","Conuma River H","Fed Fry",1986,55600,1,"Tlupana R:Deserted R/NWVI",28
"167","Chum","SOUTHWEST VANCOUVER ISLAND","CM-10","Tlupana R","Tlupana R","Conuma River H","Fed Fry",1980,10373,1,"Tlupana R:Tlupana R",29
"168","Chum","SOUTHWEST VANCOUVER ISLAND","CM-10","Tlupana R","Tlupana R","Conuma River H","Fed Fry",1981,328145,1,"Tlupana R:Tlupana R",29
"169","Chum","SOUTHWEST VANCOUVER ISLAND","CM-10","Tlupana R","Tlupana R","Conuma River H","Fed Fry",1982,375500,1,"Tlupana R:Tlupana R",29
"170","Chum","SOUTHWEST VANCOUVER ISLAND","CM-10","Tlupana R","Tlupana R","Conuma River H","Fed Fry",1983,2550500,1,"Tlupana R:Tlupana R",29
"171","Chum","SOUTHWEST VANCOUVER ISLAND","CM-10","Tlupana R","Tlupana R","Conuma River H","Fed Fry",1984,2947000,1,"Tlupana R:Tlupana R",29
"172","Chum","SOUTHWEST VANCOUVER ISLAND","CM-10","Tlupana R","Tlupana R","Conuma River H","Fed Fry",1985,1562000,1,"Tlupana R:Tlupana R",29
"173","Chum","SOUTHWEST VANCOUVER ISLAND","CM-10","Tlupana R","Tlupana R","Conuma River H","Fed Fry",1986,2452195,1,"Tlupana R:Tlupana R",29
"174","Chum","SOUTHWEST VANCOUVER ISLAND","CM-10","Tlupana R","Tlupana R","Conuma River H","Fed Fry",1987,1998932,1,"Tlupana R:Tlupana R",29
"175","Chum","SOUTHWEST VANCOUVER ISLAND","CM-10","Tlupana R","Tlupana R","Conuma River H","Fed Fry",1988,1851474,2,"Tlupana R:Tlupana R",29
"176","Chum","SOUTHWEST VANCOUVER ISLAND","CM-10","Tlupana R","Tlupana R","Conuma River H","Fed Fry",1989,584713,1,"Tlupana R:Tlupana R",29
"177","Chum","SOUTHWEST VANCOUVER ISLAND","CM-10","Tlupana R","Tlupana R","Conuma River H","Fed Fry",1990,1641798,1,"Tlupana R:Tlupana R",29
"178","Chum","SOUTHWEST VANCOUVER ISLAND","CM-10","Tlupana R","Tlupana R","Conuma River H","Fed Fry",1991,1132343,1,"Tlupana R:Tlupana R",29
"179","Chum","SOUTHWEST VANCOUVER ISLAND","CM-10","Tlupana R","Tlupana R","Conuma River H","Fed Fry",1992,1085612,1,"Tlupana R:Tlupana R",29
"180","Chum","SOUTHWEST VANCOUVER ISLAND","CM-10","Tlupana R","Tlupana R","Conuma River H","Fed Fry",1993,1325617,1,"Tlupana R:Tlupana R",29
"181","Chum","SOUTHWEST VANCOUVER ISLAND","CM-10","Tlupana R","Tlupana R","Conuma River H","Fed Fry",1994,1170484,1,"Tlupana R:Tlupana R",29
"182","Chum","SOUTHWEST VANCOUVER ISLAND","CM-10","Tlupana R","Tlupana R","Conuma River H","Fed Fry",1995,1763391,1,"Tlupana R:Tlupana R",29
"183","Chum","SOUTHWEST VANCOUVER ISLAND","CM-10","Tlupana R","Tlupana R","Conuma River H","Fed Fry",1996,218540,1,"Tlupana R:Tlupana R",29
"184","Chum","SOUTHWEST VANCOUVER ISLAND","CM-10","Tlupana R","Tlupana R","Conuma River H","Fed Fry",1997,1646371,1,"Tlupana R:Tlupana R",29
"185","Chum","SOUTHWEST VANCOUVER ISLAND","CM-10","Tlupana R","Tlupana R","Conuma River H","Fed Fry",1998,1296403,1,"Tlupana R:Tlupana R",29
"186","Chum","SOUTHWEST VANCOUVER ISLAND","CM-10","Tlupana R","Tlupana R","Conuma River H","Fed Fry",1999,1234402,1,"Tlupana R:Tlupana R",29
"187","Chum","SOUTHWEST VANCOUVER ISLAND","CM-10","Tlupana R","Tlupana R","Conuma River H","Fed Fry",2000,1103714,1,"Tlupana R:Tlupana R",29
"188","Chum","SOUTHWEST VANCOUVER ISLAND","CM-10","Tlupana R","Tlupana R","Conuma River H","Fed Fry",2001,998400,1,"Tlupana R:Tlupana R",29
"189","Chum","SOUTHWEST VANCOUVER ISLAND","CM-10","Tlupana R","Tlupana R","Conuma River H","Fed Fry",2002,390754,1,"Tlupana R:Tlupana R",29
"190","Chum","SOUTHWEST VANCOUVER ISLAND","CM-10","Tlupana R","Tlupana R","Conuma River H","Fed Fry",2003,1038542,1,"Tlupana R:Tlupana R",29
"191","Chum","SOUTHWEST VANCOUVER ISLAND","CM-10","Tlupana R","Tlupana R","Conuma River H","Fed Fry",2004,425261,1,"Tlupana R:Tlupana R",29
"192","Chum","SOUTHWEST VANCOUVER ISLAND","CM-10","Tlupana R","Tlupana R","Conuma River H","Fed Fry",2005,932556,1,"Tlupana R:Tlupana R",29
"193","Chum","SOUTHWEST VANCOUVER ISLAND","CM-10","Tlupana R","Tlupana R","Conuma River H","Fed Fry",2006,744834,1,"Tlupana R:Tlupana R",29
"194","Chum","SOUTHWEST VANCOUVER ISLAND","CM-10","Tlupana R","Tlupana R","Conuma River H","Fed Fry",2007,1139028,1,"Tlupana R:Tlupana R",29
"195","Chum","SOUTHWEST VANCOUVER ISLAND","CM-10","Tlupana R","Tlupana R","Conuma River H","Fed Fry",2008,109922,1,"Tlupana R:Tlupana R",29
"196","Chum","SOUTHWEST VANCOUVER ISLAND","CM-10","Tlupana R","Tlupana R","Conuma River H","Fed Fry",2009,254905,1,"Tlupana R:Tlupana R",29
"197","Chum","SOUTHWEST VANCOUVER ISLAND","CM-10","Tlupana R","Tlupana R","Conuma River H","Fed Fry",2010,685465,1,"Tlupana R:Tlupana R",29
"198","Chum","SOUTHWEST VANCOUVER ISLAND","CM-10","Tlupana R","Tlupana R","Conuma River H","Fed Fry",2011,1015355,1,"Tlupana R:Tlupana R",29
"199","Chum","SOUTHWEST VANCOUVER ISLAND","CM-10","Tlupana R","Tlupana R","Conuma River H","Fed Fry",2012,37241,1,"Tlupana R:Tlupana R",29
"200","Chum","SOUTHWEST VANCOUVER ISLAND","CM-10","Tlupana R","Tlupana R","Conuma River H","Fed Fry",2013,813957,1,"Tlupana R:Tlupana R",29
"201","Chum","SOUTHWEST VANCOUVER ISLAND","CM-10","Tlupana R","Tlupana R","Conuma River H","Fed Fry",2014,820612,2,"Tlupana R:Tlupana R",29
"202","Chum","SOUTHWEST VANCOUVER ISLAND","CM-10","Tlupana R","Tlupana R","Conuma River H","Fed Fry",2015,885461,1,"Tlupana R:Tlupana R",29
"203","Chum","SOUTHWEST VANCOUVER ISLAND","CM-10","Tlupana R","Tlupana R","Conuma River H","Fed Fry",2016,452375,1,"Tlupana R:Tlupana R",29
"204","Chum","SOUTHWEST VANCOUVER ISLAND","CM-10","Tlupana R","Tlupana R","Conuma River H","Fed Fry",2017,1027846,1,"Tlupana R:Tlupana R",29
"205","Chum","SOUTHWEST VANCOUVER ISLAND","CM-10","Tlupana R","Tlupana R","Conuma River H","Fed Fry",2018,580356,1,"Tlupana R:Tlupana R",29
"206","Chum","SOUTHWEST VANCOUVER ISLAND","CM-10","Tlupana R","Tlupana R","Conuma River H","Fed Fry",2019,1120443,1,"Tlupana R:Tlupana R",29
"207","Chum","SOUTHWEST VANCOUVER ISLAND","CM-10","Tlupana R","Tlupana R","Conuma River H","Fed Fry",2020,408084,1,"Tlupana R:Tlupana R",29
"208","Chum","SOUTHWEST VANCOUVER ISLAND","CM-10","Zeballos R","Zeballos R","Zeballos Schools","Fed Fry",2013,65,1,"Zeballos R:Zeballos R",30
"209","Chum","SOUTHWEST VANCOUVER ISLAND","CM-10","Zeballos R","Zeballos R","Zeballos River H","Fed Fry",2014,4000,1,"Zeballos R:Zeballos R",30
"210","Chum","SOUTHWEST VANCOUVER ISLAND","CM-10","Zeballos R","Zeballos R","Zeballos River H","Fed Fry",2015,4000,1,"Zeballos R:Zeballos R",30
"211","Chum","SOUTHWEST VANCOUVER ISLAND","CM-10","Zeballos R","Zeballos R","Zeballos River H","Fed Fry",2016,13730,1,"Zeballos R:Zeballos R",30
"212","Chum","SOUTHWEST VANCOUVER ISLAND","CM-10","Zeballos R","Zeballos R","Zeballos River H","Fed Fry",2017,14320,1,"Zeballos R:Zeballos R",30
"213","Chum","SOUTHWEST VANCOUVER ISLAND","CM-10","Zeballos R","Zeballos R","Zeballos Schools","Fed Fry",2020,82,1,"Zeballos R:Zeballos R",31
"214","Chum","SOUTHWEST VANCOUVER ISLAND","CM-10","Zeballos R","Zeballos R","Zeballos River H","Unfed",2013,1250,1,"Zeballos R:Zeballos R",32
"215","Chum","SOUTHWEST VANCOUVER ISLAND","CM-10","Zeballos R","Zeballos R","Zeballos River H","Unfed",2020,5000,1,"Zeballos R:Zeballos R",33
